standard_export,renamed_export
il2cpp_add_internal_call,cbtoiybxGjj
il2cpp_alloc,uMFYqYclBkx
il2cpp_allocation_granularity,g_KBdxbjzDF
il2cpp_array_class_get,yKjgSehCkDt
il2cpp_array_element_size,ibdZqVlMgXS
il2cpp_array_get_byte_length,uhP_fIiUnAZ
il2cpp_array_length,OeBomsHpFPg
il2cpp_array_new,rlspXokBPTO
il2cpp_array_new_full,JRWbHKqySAV
il2cpp_array_new_specific,xiHZQRtAnAT
il2cpp_array_object_header_size,PiHxeLSTbTL
il2cpp_assembly_get_image,bwyShgCgFCn
il2cpp_bounded_array_class_get,cJQcreimZJJ
il2cpp_capture_memory_snapshot,vwFFhzuxJlQ
il2cpp_class_array_element_size,IoQzVcskDgj
il2cpp_class_enum_basetype,kNRPvNxmscy
il2cpp_class_for_each,vecKzDxBOFr
il2cpp_class_from_il2cpp_type,rmYnWsrGVGR
il2cpp_class_from_name,xJkwlGVWczM
il2cpp_class_from_system_type,IFBalWsroas
il2cpp_class_from_type,dRf_GiVGHP_
il2cpp_class_get_assemblyname,yNYeyUZWWgx
il2cpp_class_get_bitmap,yjkqWBjNrDJ
il2cpp_class_get_bitmap_size,OAOHRW_ASTw
il2cpp_class_get_data_size,OrbYsbmGRpi
il2cpp_class_get_declaring_type,yqT_PksJxot
il2cpp_class_get_element_class,mbjdMIPFhXu
il2cpp_class_get_events,TkWqHeslpWH
il2cpp_class_get_field_from_name,cIEmkhFLtGh
il2cpp_class_get_fields,pSUjRopfoHk
il2cpp_class_get_flags,PlNGcEZieha
il2cpp_class_get_image,NaRpaCjRuzL
il2cpp_class_get_interfaces,cIWLXKxlsmy
il2cpp_class_get_method_from_name,YLPaqxtfEzn
il2cpp_class_get_methods,EQPmTQVrluB
il2cpp_class_get_name,UeicHUYmkSh
il2cpp_class_get_namespace,usYwiLmaJWg
il2cpp_class_get_nested_types,SnnKSKVNKvA
il2cpp_class_get_parent,VnYAfRt_LBL
il2cpp_class_get_properties,HQsOYU_iQCl
il2cpp_class_get_property_from_name,MmaoPdxpLTb
il2cpp_class_get_rank,tcDLwbuFvBP
il2cpp_class_get_static_field_data,LpCLYKYoOco
il2cpp_class_get_type,PWLTvaiZjkH
il2cpp_class_get_type_token,CTdsJrosotG
il2cpp_class_get_userdata_offset,VfnpXIMAHpy
il2cpp_class_has_attribute,AgDDrHzlocZ
il2cpp_class_has_parent,NWGVAJJkEda
il2cpp_class_has_references,nALaNdCKzLz
il2cpp_class_instance_size,JGjmavFNXds
il2cpp_class_is_abstract,fQDTYleyzxh
il2cpp_class_is_assignable_from,yYvuKqQNqpn
il2cpp_class_is_blittable,fAYuMqiRyTL
il2cpp_class_is_enum,GSNOie_DfYu
il2cpp_class_is_generic,QvtslWlQqfo
il2cpp_class_is_inflated,WutBlhczNPJ
il2cpp_class_is_inited,ZICtvASgMgE
il2cpp_class_is_interface,sSVzviQZHYW
il2cpp_class_is_subclass_of,zhgqTJRqtkV
il2cpp_class_is_valuetype,LoUpWWVKRQn
il2cpp_class_num_fields,QVLBYTXragw
il2cpp_class_set_userdata,KEkLkVcRTHA
il2cpp_class_value_size,jHTJneHHmNE
il2cpp_current_thread_get_frame_at,pGEKxjdLVgm
il2cpp_current_thread_get_stack_depth,LTEPOFoYXth
il2cpp_current_thread_get_top_frame,cLnuRxxUxZZ
il2cpp_current_thread_walk_frame_stack,lh_DXNgBEgJ
il2cpp_custom_attrs_construct,GmdmHGuAvxW
il2cpp_custom_attrs_free,lBnWIjHQjFS
il2cpp_custom_attrs_from_class,FcFkBZrJKws
il2cpp_custom_attrs_from_field,LbDgpYeRvjB
il2cpp_custom_attrs_from_method,bElQOErkTZw
il2cpp_custom_attrs_get_attr,fJMdAk_bAuo
il2cpp_custom_attrs_has_attr,PbXoOxdrquB
il2cpp_debug_get_method_info,SNpgppJJjtk
il2cpp_debugger_set_agent_options,HOrXRFewuAd
il2cpp_domain_assembly_open,sgVBrjKreUK
il2cpp_domain_get,SQlFoGYvGTx
il2cpp_domain_get_assemblies,NihmgTImfjJ
il2cpp_exception_from_name_msg,BBbjDozKyZl
il2cpp_field_get_flags,pRqQrslvUzP
il2cpp_field_get_name,DJKzWcjSxGR
il2cpp_field_get_offset,PvogaBBEYXB
il2cpp_field_get_parent,xNQlOuKqwGE
il2cpp_field_get_type,zMgLSCRaUJu
il2cpp_field_get_value,oQZkpOtuepy
il2cpp_field_get_value_object,UEQsuTSkVXR
il2cpp_field_has_attribute,NoqWM_hXlBo
il2cpp_field_is_literal,YHMHryeSGu_
il2cpp_field_set_value,NonoCaLGQQG
il2cpp_field_set_value_object,YAFUjmXKYEB
il2cpp_field_static_get_value,ufagOWDDern
il2cpp_field_static_set_value,MmDYTIspLpC
il2cpp_format_exception,QnHpMJMKHaQ
il2cpp_format_stack_trace,uzOWhtwZWOt
il2cpp_free,kxNucpjRoAd
il2cpp_free_captured_memory_snapshot,HIBCbrwTlCM
il2cpp_gc_alloc_fixed,mRNDLmAUzsv
il2cpp_gc_collect,aSNrXmdHUFo
il2cpp_gc_collect_a_little,lDzSckHqXWs
il2cpp_gc_disable,nPrvdrvTuaN
il2cpp_gc_enable,uDzvPFDqZVI
il2cpp_gc_foreach_heap,FKKVYMljETR
il2cpp_gc_free_fixed,zDsryCzAapk
il2cpp_gc_get_heap_size,_VOObBXdEne
il2cpp_gc_get_max_time_slice_ns,QbjNjJ_thsx
il2cpp_gc_get_used_size,_CDgtEIbNOq
il2cpp_gc_has_strict_wbarriers,_gQShmkRfVN
il2cpp_gc_is_disabled,ZfNNXzpevmx
il2cpp_gc_is_incremental,BInlqwXKlZZ
il2cpp_gc_set_external_allocation_tracker,hofCGFOpGCw
il2cpp_gc_set_external_wbarrier_tracker,jUGNCuGjXhU
il2cpp_gc_set_max_time_slice_ns,yrZUeJRvNHI
il2cpp_gc_set_mode,DoaniHnhDZH
il2cpp_gc_start_incremental_collection,LgMohZIqseP
il2cpp_gc_wbarrier_set_field,jeiTMuTdi_V
il2cpp_gchandle_foreach_get_target,PxksIKiAtVf
il2cpp_gchandle_free,nYamhzJpnhJ
il2cpp_gchandle_get_target,i_rBjTroowm
il2cpp_gchandle_new,RIyVdBJvInx
il2cpp_gchandle_new_weakref,SUlSJRTTWtE
il2cpp_get_corlib,WQsYQVfKNDP
il2cpp_get_exception_argument_null,CoaGGFlcxdB
il2cpp_image_get_assembly,tgaKWLpXAqB
il2cpp_image_get_class,JyvrYnOvjKy
il2cpp_image_get_class_count,LmRfxhErYhY
il2cpp_image_get_entry_point,YlUyQtANltB
il2cpp_image_get_filename,FYKdvm_hPxL
il2cpp_image_get_name,sOXzjxZCeeD
il2cpp_init,QsYNGHXuNss
il2cpp_init_utf16,jthSxlEkQyJ
il2cpp_is_debugger_attached,ivWviWrKUMC
il2cpp_is_vm_thread,ZPsXJoGM_Zh
il2cpp_memory_pool_get_region_size,oouJivAwWPy
il2cpp_memory_pool_set_region_size,HodPGkd_lQK
il2cpp_method_get_class,QNBeDkDrQBD
il2cpp_method_get_declaring_type,OBVfQpRHoCP
il2cpp_method_get_flags,UeWQfnFBPrS
il2cpp_method_get_from_reflection,zLvRpBzPQVK
il2cpp_method_get_name,NBXVYHQNAsj
il2cpp_method_get_object,no_xenRwEVO
il2cpp_method_get_param,lCbIAzMFheM
il2cpp_method_get_param_count,RtvmCEwGKQm
il2cpp_method_get_param_name,FEwCNQ_QzDo
il2cpp_method_get_return_type,TVLg_KIuWtJ
il2cpp_method_get_token,SmGTPMiHjjW
il2cpp_method_has_attribute,ddPRGqdoDzB
il2cpp_method_is_generic,sQqEkcumamL
il2cpp_method_is_inflated,CFQOvvWjASD
il2cpp_method_is_instance,JnexzoZfQya
il2cpp_monitor_enter,xzfJy_xLGWr
il2cpp_monitor_exit,dM_QtMuVQSS
il2cpp_monitor_pulse,WLkplBMaozQ
il2cpp_monitor_pulse_all,VvZXEDMwRHa
il2cpp_monitor_try_enter,kUjgPDTXWbe
il2cpp_monitor_try_wait,hkbzrngqIaD
il2cpp_monitor_wait,aEiPGMAlRUi
il2cpp_native_stack_trace,bOVcqWAakEU
il2cpp_object_get_class,bPcognvktdD
il2cpp_object_get_size,yRWySCRWiNy
il2cpp_object_get_virtual_method,ZeUClrTQfbC
il2cpp_object_header_size,hEYsZIqJHNy
il2cpp_object_new,OACKMi_pQEk
il2cpp_object_unbox,YktMvxFoeua
il2cpp_offset_of_array_bounds_in_array_object_header,dCJJprcyJKX
il2cpp_offset_of_array_length_in_array_object_header,BBdMfKTZiPB
il2cpp_override_stack_backtrace,negWhdwiBYV
il2cpp_profiler_install,HPgmYgUkpg_
il2cpp_profiler_install_allocation,gfmBilgcSyo
il2cpp_profiler_install_enter_leave,vTujBXCAxQy
il2cpp_profiler_install_fileio,OvdGTgDqvgF
il2cpp_profiler_install_gc,AlyfMArtKXF
il2cpp_profiler_install_thread,IwDbCVxFfrz
il2cpp_profiler_set_events,aTwYNhaNGow
il2cpp_property_get_flags,NhTgXDAtWrH
il2cpp_property_get_get_method,koPsDRstNyt
il2cpp_property_get_name,FkVdoxwUYCp
il2cpp_property_get_parent,UsTavBhRxVq
il2cpp_property_get_set_method,gpeiDRZLzNA
il2cpp_raise_exception,MBZdwYbMg_k
il2cpp_register_debugger_agent_transport,WkPYaZRMBMI
il2cpp_register_log_callback,VwtdlMoqLyu
il2cpp_resolve_icall,GROwQUFvCuE
il2cpp_runtime_class_init,N_SjdUVcypl
il2cpp_runtime_invoke,UWfOjjKmHmS
il2cpp_runtime_invoke_convert_args,XkcMjdMEPle
il2cpp_runtime_object_init,Td_ZIFAKuuP
il2cpp_runtime_object_init_exception,XySQwfcpiOC
il2cpp_runtime_unhandled_exception_policy_set,HJBaOrLrPbu
il2cpp_set_commandline_arguments,oLniZjutjfg
il2cpp_set_commandline_arguments_utf16,E_HODUFhmsf
il2cpp_set_config,jKYeUAzQihu
il2cpp_set_config_dir,eTADAOHeFhA
il2cpp_set_config_utf16,pKdPeFrMIhx
il2cpp_set_data_dir,Czn_GaQApGk
il2cpp_set_default_thread_affinity,sMPNRQBHQlL
il2cpp_set_find_plugin_callback,wbGEzsljZBu
il2cpp_set_memory_callbacks,JIdwAthuO_P
il2cpp_set_temp_dir,GdSCxKSBhNL
il2cpp_shutdown,qpkZENHrloZ
il2cpp_start_gc_world,TerwIIfZlrH
il2cpp_stats_dump_to_file,zzvkItbYUiU
il2cpp_stats_get_value,BJVlULrCoRd
il2cpp_stop_gc_world,nxVlHo_MeMk
il2cpp_string_chars,Ddftamf_gbg
il2cpp_string_intern,CwprpuFDhuR
il2cpp_string_is_interned,_pgLFwpfKMv
il2cpp_string_length,dslHIEIOCdl
il2cpp_string_new,UakrIEryFSS
il2cpp_string_new_len,kDrjvK_bgYO
il2cpp_string_new_utf16,hGXoMfzbemx
il2cpp_string_new_wrapper,ezhRLllNWJr
il2cpp_thread_attach,d_iRolBhA_H
il2cpp_thread_current,bFSlNJcHob_
il2cpp_thread_detach,HFEYmYIzLix
il2cpp_thread_get_all_attached_threads,tiHxmoQLazJ
il2cpp_thread_get_frame_at,ZvxyFscJrOD
il2cpp_thread_get_stack_depth,trXBtDwTRem
il2cpp_thread_get_top_frame,mNrXmU_fKUi
il2cpp_thread_walk_frame_stack,ubxEgkxzgIx
il2cpp_type_equals,aGtKHCDpiyd
il2cpp_type_get_assembly_qualified_name,tRyoMvuiOKn
il2cpp_type_get_attrs,NgHsRyLLocf
il2cpp_type_get_class_or_element_class,TpjAeWjdmmR
il2cpp_type_get_name,qHAigbqKEgC
il2cpp_type_get_name_chunked,YGHpWRhpPIJ
il2cpp_type_get_object,oGEgQBCkzaJ
il2cpp_type_get_reflection_name,muyQMOEqqqU
il2cpp_type_get_type,lpXVEtjVbXT
il2cpp_type_is_byref,YKAChmbtpLu
il2cpp_type_is_pointer_type,dsiryoNndKN
il2cpp_type_is_static,_zSb_dYTiLJ
il2cpp_unhandled_exception,mkEdfSogRnX
il2cpp_unity_install_unitytls_interface,xtHNdqGWJei
il2cpp_unity_liveness_allocate_struct,zoTpFxFjvbo
il2cpp_unity_liveness_calculation_from_root,ZhtxkpuWlpX
il2cpp_unity_liveness_calculation_from_statics,vGCqyZCFPad
il2cpp_unity_liveness_finalize,jYBFltsTQaa
il2cpp_unity_liveness_free_struct,buulfzGFcFa
il2cpp_unity_set_android_network_up_state_func,EOkGnnhVqtL
il2cpp_value_box,ToobBuGxPp_
